class_name,id_num,AR,EC,HS,LT,MS,MS*,PSA,PSI,RP
AF_AM_ST,210,0,0,0,1,0,0,0,0,0
AF_AM_ST,212,0,0,1,0,0,0,0,0,0
AF_AM_ST,214,0,0,1,0,0,0,0,0,0
AF_AM_ST,215,0,0,1,0,0,0,0,0,0
AF_AM_ST,220,0,0,1,0,0,0,0,0,0
AF_AM_ST,225,0,0,1,0,0,0,0,0,0
AF_AM_ST,226,0,0,1,0,0,0,0,0,0
AF_AM_ST,236,0,0,1,0,0,0,0,0,0
AF_AM_ST,245,0,0,1,0,0,0,0,0,0
AF_AM_ST,259,0,0,0,1,0,0,0,0,0
AF_AM_ST,316,0,0,0,1,0,0,0,0,0
AF_AM_ST,319,0,0,0,0,0,0,1,0,0
AF_AM_ST,325,0,0,0,0,0,0,1,0,0
AF_AM_ST,327,0,0,0,1,0,0,0,0,0
AF_AM_ST,330,0,0,1,0,0,0,0,0,0
AF_AM_ST,331,0,0,0,1,0,0,0,0,0
AF_AM_ST,332,0,0,0,1,0,0,0,0,0
AF_AM_ST,335,0,0,0,1,0,0,0,0,0
AF_AM_ST,342,0,0,1,0,0,0,0,0,0
AF_AM_ST,345,0,0,0,0,0,0,0,1,0
AF_AM_ST,348,0,0,1,0,0,0,0,0,0
AF_AM_ST,350,0,0,0,1,0,0,0,0,0
AF_AM_ST,358,0,0,1,0,0,0,0,0,0
AF_AM_ST,360,0,0,0,1,0,0,0,0,0
AF_AM_ST,365,0,0,1,0,0,0,0,0,0
AF_AM_ST,370,0,0,1,0,0,0,0,0,0
AF_AM_ST,378,0,0,0,1,0,0,0,0,0
AF_AM_ST,379,0,0,0,1,0,0,0,0,0
AF_AM_ST,381,0,0,0,1,0,0,0,0,0
ANTHRO,213,0,0,0,0,1,0,0,0,0
ANTHRO,220,0,0,0,0,0,0,0,0,1
ANTHRO,306,0,0,0,0,1,0,0,0,0
ANTHRO,310,0,0,0,0,1,0,0,0,0
ANTHRO,312,0,0,0,0,1,0,0,0,0
ANTHRO,313,0,0,0,0,1,0,0,0,0
ANTHRO,314,0,0,0,0,1,0,0,0,0
ANTHRO,315,0,0,0,0,1,0,0,0,0
ANTHRO,317,0,0,0,0,1,0,0,0,0
ANTHRO,341,0,1,0,0,0,0,0,0,0
ANTHRO,347,0,0,0,0,0,0,0,1,0
ANTHRO,350,0,0,0,0,0,0,0,0,1
ANTHRO,362,0,0,0,0,0,1,0,0,0
ART,120,1,0,0,0,0,0,0,0,0
ART,124,1,0,0,0,0,0,0,0,0
ART,125,1,0,0,0,0,0,0,0,0
ART,130,1,0,0,0,0,0,0,0,0
ART,140,1,0,0,0,0,0,0,0,0
ART,150,1,0,0,0,0,0,0,0,0
ART,210,1,0,0,0,0,0,0,0,0
ART,222,1,0,0,0,0,0,0,0,0
ART,225,1,0,0,0,0,0,0,0,0
ART,230,1,0,0,0,0,0,0,0,0
ART,240,1,0,0,0,0,0,0,0,0
ART,250,1,0,0,0,0,0,0,0,0
ART,260,1,0,0,0,0,0,0,0,0
ART,270,1,0,0,0,0,0,0,0,0
ART,272,1,0,0,0,0,0,0,0,0
ART,280,1,0,0,0,0,0,0,0,0
ART,310,1,0,0,0,0,0,0,0,0
ART,322,1,0,0,0,0,0,0,0,0
ART,340,1,0,0,0,0,0,0,0,0
ART,372,1,0,0,0,0,0,0,0,0
ART,380,1,0,0,0,0,0,0,0,0
ART,390,1,0,0,0,0,0,0,0,0
ART,399,1,0,0,0,0,0,0,0,0
ART_HIST,220,1,0,0,0,0,0,0,0,0
ART_HIST,230,1,0,0,0,0,0,0,0,0
ART_HIST,255,1,0,0,0,0,0,0,0,0
ART_HIST,260,1,0,0,0,0,0,0,0,0
ART_HIST,319,1,0,0,0,0,0,0,0,0
ART_HIST,320,1,0,0,0,0,0,0,0,0
ART_HIST,350,1,0,0,0,0,0,0,0,0
ART_HIST,370,1,0,0,0,0,0,0,0,0
ART_HIST,372,1,0,0,0,0,0,0,0,0
ART_HIST,378,1,0,0,0,0,0,0,0,0
ART_HIST,389,1,0,0,0,0,0,0,0,0
ART_HIST,390,1,0,0,0,0,0,0,0,0
ART_HIST,391,1,0,0,0,0,0,0,0,0
ART_HIST,395,1,0,0,0,0,0,0,0,0
ART_HIST,401,1,0,0,0,0,0,0,0,0
ART_HIST,402,1,0,0,0,0,0,0,0,0
ART_HIST,410,1,0,0,0,0,0,0,0,0
ART_HIST,440,1,0,0,0,0,0,0,0,0
ART_HIST,460,1,0,0,0,0,0,0,0,0
ART_HIST,470,1,0,0,0,0,0,0,0,0
ART_HIST,480,1,0,0,0,0,0,0,0,0
ASIAN_AM,218,0,0,1,1,0,0,0,0,0
ASIAN_AM,275,0,0,1,1,0,0,0,0,0
ASTRON,101,0,0,0,0,1,0,0,0,0
ASTRON,102,0,0,0,0,1,0,0,0,0
ASTRON,103,0,0,0,0,1,0,0,0,0
ASTRON,111,0,0,0,0,1,0,0,0,0
ASTRON,120,0,0,0,0,1,0,0,0,0
ASTRON,130,0,0,0,0,1,0,0,0,0
ASTRON,220,0,0,0,0,1,0,0,0,0
ASTRON,321,0,0,0,0,1,0,0,0,0
ASTRON,325,0,0,0,0,1,0,0,0,0
ASTRON,329,0,0,0,0,1,0,0,0,0
ASTRON,331,0,0,0,0,1,0,0,0,0
ASTRON,399,0,0,0,0,1,0,0,0,0
BIOL_SCI,101,0,0,0,0,1,0,0,0,0
BIOL_SCI,102,0,0,0,0,1,0,0,0,0
BIOL_SCI,103,0,0,0,0,1,0,0,0,0
BIOL_SCI,104,0,0,0,0,1,0,0,0,0
BIOL_SCI,105,0,0,0,0,1,0,0,0,0
BIOL_SCI,109,0,0,0,0,1,0,0,0,0
BIOL_SCI,115,0,0,0,0,1,0,0,0,0
BIOL_SCI,116,0,0,0,0,1,0,0,0,0
BIOL_SCI,116,0,0,0,0,1,0,0,0,0
BIOL_SCI,215,0,0,0,0,1,0,0,0,0
BIOL_SCI,216,0,0,0,0,1,0,0,0,0
BIOL_SCI,217,0,0,0,0,1,0,0,0,0
BIOL_SCI,218,0,0,0,0,1,0,0,0,0
BIOL_SCI,220,0,0,0,0,1,0,0,0,0
BIOL_SCI,221,0,0,0,0,1,0,0,0,0
BIOL_SCI,222,0,0,0,0,1,0,0,0,0
BIOL_SCI,240,0,0,0,0,1,0,0,0,0
BIOL_SCI,241,0,0,0,0,1,0,0,0,0
BIOL_SCI,302,0,0,0,0,1,0,0,0,0
BIOL_SCI,303,0,0,0,0,1,0,0,0,0
BIOL_SCI,304,0,0,0,0,1,0,0,0,0
BIOL_SCI,305,0,0,0,0,1,0,0,0,0
BIOL_SCI,306,0,0,0,0,1,0,0,0,0
BIOL_SCI,309,0,0,0,0,1,0,0,0,0
BIOL_SCI,310,0,0,0,0,1,0,0,0,0
BIOL_SCI,311,0,0,0,0,1,0,0,0,0
BIOL_SCI,313,0,0,0,0,1,0,0,0,0
BIOL_SCI,315,0,0,0,0,1,0,0,0,0
BIOL_SCI,316,0,0,0,0,1,0,0,0,0
BIOL_SCI,321,0,0,0,0,1,0,0,0,0
BIOL_SCI,322,0,0,0,0,1,0,0,0,0
BIOL_SCI,323,0,0,0,0,1,0,0,0,0
BIOL_SCI,324,0,0,0,0,1,0,0,0,0
BIOL_SCI,325,0,0,0,0,1,0,0,0,0
BIOL_SCI,326,0,0,0,0,1,0,0,0,0
BIOL_SCI,327,0,0,0,0,1,0,0,0,0
BIOL_SCI,330,0,0,0,0,1,0,0,0,0
BIOL_SCI,332,0,0,0,0,1,0,0,0,0
BIOL_SCI,335,0,0,0,0,1,0,0,0,0
BIOL_SCI,341,0,0,0,0,1,0,0,0,0
BIOL_SCI,342,0,0,0,0,1,0,0,0,0
BIOL_SCI,344,0,0,0,0,1,0,0,0,0
BIOL_SCI,346,0,0,0,0,1,0,0,0,0
BIOL_SCI,347,0,0,0,0,1,0,0,0,0
BIOL_SCI,349,0,0,0,0,1,0,0,0,0
BIOL_SCI,350,0,0,0,0,1,0,0,0,0
BIOL_SCI,355,0,0,0,0,1,0,0,0,0
BIOL_SCI,358,0,0,0,0,1,0,0,0,0
BIOL_SCI,361,0,0,0,0,1,0,0,0,0
BIOL_SCI,378,0,0,0,0,1,0,0,0,0
BIOL_SCI,380,0,0,0,0,1,0,0,0,0
BIOL_SCI,390,0,0,0,0,1,0,0,0,0
BIOL_SCI,391,0,0,0,0,1,0,0,0,0
BIOL_SCI,392,0,0,0,0,1,0,0,0,0
BIOL_SCI,395,0,0,0,0,1,0,0,0,0
BMD_ENG,220,0,0,0,0,0,1,0,0,0
CHEM,101,0,0,0,0,1,0,0,0,0
CHEM,102,0,0,0,0,1,0,0,0,0
CHEM,103,0,0,0,0,1,0,0,0,0
CHEM,171,0,0,0,0,1,0,0,0,0
CHEM,172,0,0,0,0,1,0,0,0,0
CHEM,201,0,0,0,0,1,0,0,0,0
CHEM,212,0,0,0,0,1,0,0,0,0
CHEM,220,0,0,0,0,1,0,0,0,0
CHEM,301,0,0,0,0,1,0,0,0,0
CHEM,302,0,0,0,0,1,0,0,0,0
CHEM,303,0,0,0,0,1,0,0,0,0
CHEM,305,0,0,0,0,1,0,0,0,0
CHEM,306,0,0,0,0,1,0,0,0,0
CHEM,307,0,0,0,0,1,0,0,0,0
CHEM,308,0,0,0,0,1,0,0,0,0
CHEM,314,0,0,0,0,1,0,0,0,0
CHEM,316,0,0,0,0,1,0,0,0,0
CHEM,329,0,0,0,0,1,0,0,0,0
CHEM,333,0,0,0,0,1,0,0,0,0
CHEM,342,0,0,0,0,1,0,0,0,0
CHEM,348,0,0,0,0,1,0,0,0,0
CHEM,350,0,0,0,0,1,0,0,0,0
CHEM,360,0,0,0,0,1,0,0,0,0
CHEM,380,0,0,0,0,1,0,0,0,0
CHEM,393,0,0,0,0,1,0,0,0,0
CHEM,398,0,0,0,0,1,0,0,0,0
CHEM,399,0,0,0,0,1,0,0,0,0
CIV_ENG,206,0,0,0,0,1,0,0,0,0
CLASSICS,210,0,0,1,0,0,0,0,0,0
CLASSICS,211,0,0,1,1,0,0,0,0,0
CLASSICS,212,0,0,1,0,0,0,0,0,0
CLASSICS,240,0,0,0,1,0,0,0,0,0
CLASSICS,244,0,0,0,1,0,0,0,0,0
CLASSICS,260,0,0,0,1,0,0,0,0,1
CLASSICS,321,0,0,1,0,0,0,0,0,0
CLASSICS,340,0,0,0,1,0,0,0,0,0
CLASSICS,345,0,0,0,1,0,0,0,0,0
CLASSICS,392,0,0,1,0,0,0,0,0,0
CLASSICS,394,0,0,0,1,0,0,0,0,0
COG_SCI,210,0,0,0,0,1,0,0,0,0
COG_SCI,211,0,0,0,0,1,0,0,0,0
COMM_ST,322,0,0,0,0,0,0,1,0,0
COMM_ST,325,0,0,1,0,0,0,0,0,0
COMM_ST,380,0,0,0,0,0,0,1,0,0
COMP_LIT,104,0,0,0,1,0,0,0,0,0
COMP_LIT,201,0,0,0,1,0,0,0,0,0
COMP_LIT,202,0,0,0,1,0,0,0,0,0
COMP_LIT,205,0,0,0,1,0,0,0,0,0
COMP_LIT,206,0,0,0,1,0,0,0,0,0
COMP_LIT,207,0,0,0,1,0,0,0,0,0
COMP_LIT,210,0,0,0,1,0,0,0,0,1
COMP_LIT,211,0,0,0,1,0,0,0,0,0
COMP_LIT,271,0,0,0,1,0,0,0,0,0
COMP_LIT,274,0,0,0,1,0,0,0,0,0
COMP_LIT,278,0,0,0,1,0,0,0,0,0
COMP_LIT,279,0,0,0,1,0,0,0,0,1
COMP_LIT,301,0,0,0,1,0,0,0,0,0
COMP_LIT,302,0,0,0,1,0,0,0,0,0
COMP_LIT,304,0,0,0,1,0,0,0,0,0
COMP_LIT,311,0,0,0,1,0,0,0,0,0
COMP_LIT,312,0,0,0,1,0,0,0,0,0
COMP_LIT,314,0,0,0,1,0,0,0,0,0
COMP_LIT,375,0,0,0,1,0,0,0,0,0
COMP_LIT,383,0,0,0,1,0,0,0,0,0
COMP_LIT,390,0,0,0,1,0,0,0,0,0
COMP_LIT,398,0,0,0,1,0,0,0,0,0
COMP_LIT,410,0,0,0,1,0,0,0,0,0
COMP_LIT,411,0,0,0,1,0,0,0,0,0
COMP_LIT,412,0,0,0,1,0,0,0,0,0
COMP_LIT,413,0,0,0,1,0,0,0,0,0
COMP_LIT,414,0,0,0,1,0,0,0,0,0
COMP_LIT,481,0,0,0,1,0,0,0,0,0
COMP_LIT,486,0,0,0,1,0,0,0,0,0
COMP_LIT,487,0,0,0,1,0,0,0,0,0
COMP_LIT,488,0,0,0,1,0,0,0,0,0
EARTH,101,0,0,0,0,1,0,0,0,0
EARTH,102,0,0,0,0,1,0,0,0,0
EARTH,103,0,0,0,0,1,0,0,0,0
EARTH,105,0,0,0,0,1,0,0,0,0
EARTH,106,0,0,0,0,1,0,0,0,0
EARTH,107,0,0,0,0,1,0,0,0,0
EARTH,108,0,0,0,0,1,0,0,0,0
EARTH,110,0,0,0,0,1,0,0,0,0
EARTH,111,0,0,0,0,1,0,0,0,0
EARTH,114,0,0,0,0,1,0,0,0,0
EARTH,201,0,0,0,0,1,0,0,0,0
EARTH,202,0,0,0,0,1,0,0,0,0
EARTH,203,0,0,0,0,1,0,0,0,0
EARTH,300,0,0,0,0,1,0,0,0,0
EARTH,301,0,0,0,0,1,0,0,0,0
EARTH,302,0,0,0,0,1,0,0,0,0
EARTH,310,0,0,0,0,1,0,0,0,0
EARTH,311,0,0,0,0,1,0,0,0,0
EARTH,312,0,0,0,0,1,0,0,0,0
EARTH,313,0,0,0,0,1,0,0,0,0
EARTH,314,0,0,0,0,1,0,0,0,0
EARTH,315,0,0,0,0,1,0,0,0,0
EARTH,316,0,0,0,0,1,0,0,0,0
EARTH,317,0,0,0,0,1,0,0,0,0
EARTH,320,0,0,0,0,1,0,0,0,0
EARTH,321,0,0,0,0,1,0,0,0,0
EARTH,322,0,0,0,0,1,0,0,0,0
EARTH,323,0,0,0,0,1,0,0,0,0
EARTH,324,0,0,0,0,1,0,0,0,0
EARTH,325,0,0,0,0,1,0,0,0,0
EARTH,326,0,0,0,0,1,0,0,0,0
EARTH,327,0,0,0,0,1,0,0,0,0
EARTH,328,0,0,0,0,1,0,0,0,0
EARTH,329,0,0,0,0,1,0,0,0,0
EARTH,330,0,0,0,0,1,0,0,0,0
EARTH,331,0,0,0,0,1,0,0,0,0
EARTH,340,0,0,0,0,1,0,0,0,0
EARTH,341,0,0,0,0,1,0,0,0,0
EARTH,342,0,0,0,0,1,0,0,0,0
EARTH,350,0,0,0,0,1,0,0,0,0
EARTH,351,0,0,0,0,1,0,0,0,0
EARTH,360,0,0,0,0,1,0,0,0,0
EARTH,390,0,0,0,0,1,0,0,0,0
EARTH,398,0,0,0,0,1,0,0,0,0
EARTH,399,0,0,0,0,1,0,0,0,0
ECON,101,0,1,0,0,0,0,0,0,0
ECON,201,0,1,0,0,0,0,0,0,0
ECON,202,0,1,0,0,0,0,0,0,0
ECON,250,0,1,0,0,0,0,0,0,0
ECON,281,0,1,0,0,0,0,0,0,0
ECON,307,0,1,0,0,0,0,0,0,0
ECON,308,0,1,0,0,0,0,0,0,0
ECON,309,0,1,0,0,0,0,0,0,0
ECON,310,0,1,0,0,0,0,0,0,0
ECON,311,0,1,0,0,0,0,0,0,0
ECON,316,0,1,0,0,0,0,0,0,0
ECON,318,0,1,0,0,0,0,0,0,0
ECON,323,0,1,0,0,0,0,0,0,0
ECON,324,0,1,0,0,0,0,0,0,0
ECON,325,0,1,0,0,0,0,0,0,0
ECON,326,0,1,0,0,0,0,0,0,0
ECON,329,0,1,0,0,0,0,0,0,0
ECON,330,0,1,0,0,0,0,0,0,0
ECON,331,0,1,0,0,0,0,0,0,0
ECON,335,0,1,0,0,0,0,0,0,0
ECON,337,0,1,0,0,0,0,0,0,0
ECON,339,0,1,0,0,0,0,0,0,0
ECON,342,0,1,0,0,0,0,0,0,0
ECON,349,0,1,0,0,0,0,0,0,0
ECON,350,0,1,0,0,0,0,0,0,0
ECON,355,0,1,0,0,0,0,0,0,0
ECON,359,0,1,0,0,0,0,0,0,0
ECON,360,0,1,0,0,0,0,0,0,0
ECON,361,0,1,0,0,0,0,0,0,0
ECON,362,0,1,0,0,0,0,0,0,0
ECON,370,0,1,0,0,0,0,0,0,0
ECON,380,0,1,0,0,0,0,0,0,0
ECON,381,0,1,0,0,0,0,0,0,0
ECON,383,0,1,0,0,0,0,0,0,0
ECON,398,0,1,0,0,0,0,0,0,0
EECS,100,0,0,0,0,1,0,0,0,0
EECS,101,0,0,0,0,1,0,0,0,0
EECS,110,0,0,0,0,1,0,0,0,0
EECS,111,0,0,0,0,1,0,0,0,0
EECS,120,0,0,0,0,1,0,0,0,0
EECS,130,0,0,0,0,1,0,0,0,0
EECS,202,0,0,0,0,1,0,0,0,0
EECS,203,0,0,0,0,1,0,0,0,0
EECS,205,0,0,0,0,1,0,0,0,0
EECS,211,0,0,0,0,1,0,0,0,0
EECS,212,0,0,0,0,1,0,0,0,0
EECS,213,0,0,0,0,1,0,0,0,0
EECS,214,0,0,0,0,1,0,0,0,0
EECS,221,0,0,0,0,1,0,0,0,0
EECS,222,0,0,0,0,1,0,0,0,0
EECS,223,0,0,0,0,1,0,0,0,0
EECS,224,0,0,0,0,1,0,0,0,0
EECS,225,0,0,0,0,1,0,0,0,0
EECS,230,0,0,0,0,1,0,0,0,0
EECS,250,0,0,0,0,1,0,0,0,0
EECS,295,0,0,0,0,1,0,0,0,0
EECS,302,0,0,0,0,1,0,0,0,0
EECS,303,0,0,0,0,1,0,0,0,0
EECS,307,0,0,0,0,1,0,0,0,0
EECS,313,0,0,0,0,1,0,0,0,0
EECS,317,0,0,0,0,1,0,0,0,0
EECS,321,0,0,0,0,1,0,0,0,0
EECS,322,0,0,0,0,1,0,0,0,0
EECS,325,0,0,0,0,1,0,0,0,0
EECS,328,0,0,0,0,1,0,0,0,0
EECS,330,0,0,0,0,1,0,0,0,0
EECS,332,0,0,0,0,1,0,0,0,0
EECS,333,0,0,0,0,1,0,0,0,0
EECS,334,0,0,0,0,1,0,0,0,0
EECS,335,0,0,0,0,1,0,0,0,0
EECS,336,0,0,0,0,1,0,0,0,0
EECS,337,0,0,0,0,1,0,0,0,0
EECS,338,0,0,0,0,1,0,0,0,0
EECS,339,0,0,0,0,1,0,0,0,0
EECS,340,0,0,0,0,1,0,0,0,0
EECS,343,0,0,0,0,1,0,0,0,0
EECS,345,0,0,0,0,1,0,0,0,0
EECS,346,0,0,0,0,1,0,0,0,0
EECS,347,0,0,0,0,1,0,0,0,0
EECS,348,0,0,0,0,1,0,0,0,0
EECS,349,0,0,0,0,1,0,0,0,0
EECS,350,0,0,0,0,1,0,0,0,0
EECS,351,0,0,0,0,1,0,0,0,0
EECS,352,0,0,0,0,1,0,0,0,0
EECS,354,0,0,0,0,1,0,0,0,0
EECS,355,0,0,0,0,1,0,0,0,0
EECS,357,0,0,0,0,1,0,0,0,0
EECS,358,0,0,0,0,1,0,0,0,0
EECS,359,0,0,0,0,1,0,0,0,0
EECS,360,0,0,0,0,1,0,0,0,0
EECS,361,0,0,0,0,1,0,0,0,0
EECS,362,0,0,0,0,1,0,0,0,0
EECS,363,0,0,0,0,1,0,0,0,0
EECS,366,0,0,0,0,1,0,0,0,0
EECS,368,0,0,0,0,1,0,0,0,0
EECS,369,0,0,0,0,1,0,0,0,0
EECS,370,0,0,0,0,1,0,0,0,0
EECS,371,0,0,0,0,1,0,0,0,0
EECS,372,0,0,0,0,1,0,0,0,0
EECS,374,0,0,0,0,1,0,0,0,0
EECS,378,0,0,0,0,1,0,0,0,0
EECS,379,0,0,0,0,1,0,0,0,0
EECS,380,0,0,0,0,1,0,0,0,0
EECS,381,0,0,0,0,1,0,0,0,0
EECS,382,0,0,0,0,1,0,0,0,0
EECS,383,0,0,0,0,1,0,0,0,0
EECS,384,0,0,0,0,1,0,0,0,0
EECS,385,0,0,0,0,1,0,0,0,0
EECS,386,0,0,0,0,1,0,0,0,0
EECS,388,0,0,0,0,1,0,0,0,0
EECS,389,0,0,0,0,1,0,0,0,0
EECS,390,0,0,0,0,1,0,0,0,0
EECS,391,0,0,0,0,1,0,0,0,0
EECS,392,0,0,0,0,1,0,0,0,0
EECS,394,0,0,0,0,1,0,0,0,0
EECS,395,0,0,0,0,1,0,0,0,0
ENGLISH,210,0,0,0,1,0,0,0,0,0
ENGLISH,211,0,0,0,1,0,0,0,0,0
ENGLISH,213,0,0,0,1,0,0,0,0,0
ENGLISH,234,0,0,0,1,0,0,0,0,0
ENGLISH,270,0,0,0,1,0,0,0,0,0
ENGLISH,273,0,0,0,1,0,0,0,0,0
ENGLISH,275,0,0,0,1,0,0,0,0,0
ENGLISH,277,0,0,0,1,0,0,0,0,0
ENGLISH,298,0,0,0,1,0,0,0,0,0
ENGLISH,311,0,0,0,1,0,0,0,0,0
ENGLISH,312,0,0,0,1,0,0,0,0,0
ENGLISH,313,0,0,0,1,0,0,0,0,0
ENGLISH,324,0,0,0,1,0,0,0,0,0
ENGLISH,331,0,0,0,1,0,0,0,0,0
ENGLISH,332,0,0,0,1,0,0,0,0,0
ENGLISH,335,0,0,0,1,0,0,0,0,0
ENGLISH,338,0,0,0,1,0,0,0,0,0
ENGLISH,339,0,0,0,1,0,0,0,0,0
ENGLISH,340,0,0,0,1,0,0,0,0,0
ENGLISH,344,0,0,0,1,0,0,0,0,0
ENGLISH,351,0,0,0,1,0,0,0,0,0
ENGLISH,357,0,0,0,1,0,0,0,0,0
ENGLISH,358,0,0,0,1,0,0,0,0,0
ENGLISH,359,0,0,0,1,0,0,0,0,0
ENGLISH,365,0,0,0,1,0,0,0,0,0
ENGLISH,366,0,0,0,1,0,0,0,0,0
ENGLISH,368,0,0,0,1,0,0,0,0,0
ENGLISH,369,0,0,0,1,0,0,0,0,0
ENGLISH,371,0,0,0,1,0,0,0,0,0
ENGLISH,372,0,0,0,1,0,0,0,0,0
ENGLISH,377,0,0,0,1,0,0,0,0,0
ENGLISH,378,0,0,0,1,0,0,0,0,0
ENGLISH,383,0,0,0,1,0,0,0,0,0
ENGLISH,385,0,0,0,1,0,0,0,0,0
ENGLISH,386,0,0,0,1,0,0,0,0,0
ENVR_SCI,201,0,0,0,0,1,0,0,0,0
ENVR_SCI,202,0,0,0,0,1,0,0,0,0
ENVR_SCI,203,0,0,0,0,1,0,0,0,0
FRENCH,210,0,0,0,1,0,0,0,0,0
FRENCH,271,0,0,0,1,0,0,0,0,0
FRENCH,272,0,0,0,1,0,0,0,0,0
FRENCH,277,0,0,0,1,0,0,0,0,1
FRENCH,278,0,0,0,1,0,0,0,0,0
FRENCH,279,0,0,0,1,0,0,0,0,0
FRENCH,310,0,0,0,1,0,0,0,0,0
FRENCH,312,0,0,0,1,0,0,0,0,0
FRENCH,314,0,0,0,1,0,0,0,0,0
FRENCH,316,0,0,0,1,0,0,0,0,0
FRENCH,320,0,0,0,1,0,0,0,0,0
FRENCH,322,0,0,0,1,0,0,0,0,0
FRENCH,335,0,0,0,1,0,0,0,0,0
FRENCH,344,0,0,0,1,0,0,0,0,0
FRENCH,346,0,0,0,1,0,0,0,0,0
FRENCH,350,0,0,0,1,0,0,0,0,0
FRENCH,360,0,0,0,1,0,0,0,0,0
FRENCH,362,0,0,0,1,0,0,0,0,0
FRENCH,364,0,0,0,1,0,0,0,0,0
FRENCH,365,0,0,0,1,0,0,0,0,0
FRENCH,366,0,0,0,1,0,0,0,0,0
FRENCH,375,0,0,0,1,0,0,0,0,0
FRENCH,382,0,0,0,1,0,0,0,0,0
FRENCH,284,0,0,0,1,0,0,0,0,0
FRENCH,286,0,0,0,1,0,0,0,0,0
GEN_COM,103,0,0,0,1,0,0,0,0,0
GEN_ENG,220,1,0,0,0,0,0,0,0,0
GNDR_ST,230,0,0,1,0,0,0,0,0,0
GNDR_ST,231,1,0,0,1,0,0,0,0,0
GNDR_ST,321,0,0,1,0,0,0,0,0,0
GNDR_ST,324,0,0,1,0,0,0,0,0,0
GNDR_ST,361,0,0,0,1,0,0,0,0,0
GNDR_ST,362,0,0,0,1,0,0,0,0,0
GNDR_ST,391,0,0,0,1,0,0,0,0,0
GEOG,210,0,0,0,0,1,0,0,0,0
GEOG,211,0,0,0,0,1,0,0,0,0
GEOG,235,0,0,0,0,1,0,0,0,0
GEOG,240,0,1,0,0,0,0,0,0,0
GEOG,313,0,0,0,0,1,0,0,0,0
GEOG,341,0,0,0,0,1,0,0,0,0
GERMAN,221,0,0,0,0,1,0,0,0,0
GERMAN,222,0,0,0,1,0,0,0,0,0
GERMAN,223,0,0,0,0,1,0,0,0,0
GERMAN,224,0,0,0,1,0,0,0,0,0
GERMAN,225,0,0,0,0,1,0,0,0,0
GERMAN,226,0,0,0,0,1,0,0,0,0
GERMAN,227,0,0,0,0,1,0,0,0,0
GERMAN,230,0,0,0,0,0,0,0,0,1
GERMAN,232,0,0,0,0,1,0,0,0,0
GERMAN,234,0,0,0,1,0,0,0,0,0
GERMAN,238,0,0,0,0,1,0,0,0,0
GERMAN,240,0,0,0,1,0,0,0,0,0
GERMAN,245,0,0,0,0,1,0,0,0,0
GERMAN,246,0,0,0,0,1,0,0,0,0
GERMAN,321,0,0,0,0,1,0,0,0,0
GERMAN,322,0,0,0,0,1,0,0,0,0
GERMAN,323,0,0,0,0,1,0,0,0,0
GERMAN,324,0,0,0,0,1,0,0,0,0
GERMAN,327,0,0,0,0,1,0,0,0,0
GERMAN,329,0,0,0,0,1,0,0,0,0
GERMAN,333,0,0,0,0,1,0,0,0,0
GERMAN,335,0,0,0,0,1,0,0,0,0
GREEK,301,0,0,0,0,1,0,0,0,0
HISTORY,101,0,0,1,0,0,0,0,0,0
HISTORY,102,0,0,1,0,0,0,0,0,0
HISTORY,103,0,0,1,0,0,0,0,0,0
HISTORY,200,0,0,1,0,0,0,0,0,0
HISTORY,201,0,0,1,0,0,0,0,0,0
HISTORY,203,0,0,1,0,0,0,0,0,0
HISTORY,210,0,0,1,0,0,0,0,0,0
HISTORY,214,0,0,1,0,0,0,0,0,0
HISTORY,216,0,0,1,0,0,0,0,0,0
HISTORY,218,0,0,1,0,0,0,0,0,0
HISTORY,250,0,0,1,0,0,0,0,0,0
HISTORY,255,0,0,1,0,0,0,0,0,0
HISTORY,270,0,0,1,0,0,0,0,0,0
HISTORY,275,0,0,1,0,0,0,0,0,0
HISTORY,281,0,0,1,0,0,0,0,0,0
HISTORY,286,0,0,1,0,0,0,0,0,0
HISTORY,300,0,0,1,0,0,0,0,0,0
HISTORY,303,0,0,1,0,0,0,0,0,0
HISTORY,304,0,0,1,0,0,0,0,0,0
HISTORY,308,0,0,1,0,0,0,0,0,0
HISTORY,311,0,0,1,0,0,0,0,0,0
HISTORY,315,0,0,1,0,0,0,0,0,0
HISTORY,316,0,0,1,0,0,0,0,0,0
HISTORY,317,0,0,1,0,0,0,0,0,0
HISTORY,318,0,0,1,0,0,0,0,0,0
HISTORY,319,0,0,1,0,0,0,0,0,0
HISTORY,321,0,0,1,0,0,0,0,0,0
HISTORY,322,0,0,1,0,0,0,0,0,0
HISTORY,324,0,0,1,0,0,0,0,0,0
HISTORY,325,0,0,1,0,0,0,0,0,0
HISTORY,326,0,0,1,0,0,0,0,0,0
HISTORY,331,0,0,1,0,0,0,0,0,0
HISTORY,332,0,0,1,0,0,0,0,0,0
HISTORY,334,0,0,1,0,0,0,0,0,0
HISTORY,336,0,0,1,0,0,0,0,0,0
HISTORY,337,0,0,1,0,0,0,0,0,0
HISTORY,340,0,0,1,0,0,0,0,0,0
HISTORY,341,0,0,1,0,0,0,0,0,0
HISTORY,342,0,0,1,0,0,0,0,0,0
HISTORY,343,0,0,1,0,0,0,0,0,0
HISTORY,345,0,0,1,0,0,0,0,0,0
HISTORY,347,0,0,1,0,0,0,0,0,0
HISTORY,348,0,0,1,0,0,0,0,0,0
HISTORY,349,0,0,1,0,0,0,0,0,0
HISTORY,356,0,0,1,0,0,0,0,0,0
HISTORY,358,0,0,1,0,0,0,0,0,0
HISTORY,360,0,0,1,0,0,0,0,0,0
HISTORY,361,0,0,1,0,0,0,0,0,0
HISTORY,362,0,0,1,0,0,0,0,0,0
HISTORY,364,0,0,1,0,0,0,0,0,0
HISTORY,365,0,0,1,0,0,0,0,0,0
HISTORY,367,0,0,1,0,0,0,0,0,0
HISTORY,368,0,0,1,0,0,0,0,0,0
HISTORY,370,0,0,1,0,0,0,0,0,0
HISTORY,372,0,0,1,0,0,0,0,0,0
HISTORY,373,0,0,1,0,0,0,0,0,0
HISTORY,379,0,0,1,0,0,0,0,0,0
HISTORY,381,0,0,1,0,0,0,0,0,0
HISTORY,382,0,0,1,0,0,0,0,0,0
HISTORY,383,0,0,1,0,0,0,0,0,0
HISTORY,384,0,0,1,0,0,0,0,0,0
HISTORY,385,0,0,1,0,0,0,0,0,0
HISTORY,392,0,0,1,0,0,0,0,0,0
HISTORY,393,0,0,1,0,0,0,0,0,0
HISTORY,395,0,0,1,0,0,0,0,0,0
IEMS,201,0,0,0,0,0,1,0,0,0
IEMS,210,0,0,0,0,1,0,0,0,0
INTL_ST,201,0,0,1,0,0,0,0,1,0
INTL_ST,202,0,0,0,0,0,0,0,1,0
ITALIAN,202,0,0,0,1,0,0,0,0,0
ITALIAN,204,0,0,0,1,0,0,0,0,0
ITALIAN,270,0,0,0,1,0,0,0,0,0
ITALIAN,275,0,0,0,1,0,0,0,0,0
ITALIAN,290,0,0,0,1,0,0,0,0,0
ITALIAN,360,0,0,0,1,0,0,0,0,0
ITALIAN,370,0,0,0,1,0,0,0,0,0
LATIN,310,0,0,0,1,0,0,0,0,0
LATINO,201,0,0,1,0,0,0,0,0,0
LING,222,0,0,0,0,0,0,1,0,0
LING,243,0,0,0,0,1,0,0,0,0
LING,250,0,0,0,0,1,0,0,0,0
LING,260,0,0,0,0,1,0,0,0,0
MAT_SCI,101,0,0,0,0,1,0,0,0,0
MATH,110,0,0,0,0,1,0,0,0,0
MATH,202,0,0,0,0,0,1,0,0,0
MATH,211,0,0,0,0,1,0,0,0,0
MATH,212,0,0,0,0,1,0,0,0,0
MATH,213,0,0,0,0,1,0,0,0,0
MATH,214,0,0,0,0,1,0,0,0,0
MATH,220,0,0,0,0,1,0,0,0,0
MATH,224,0,0,0,0,1,0,0,0,0
MATH,230,0,0,0,0,1,0,0,0,0
MATH,234,0,0,0,0,1,0,0,0,0
MATH,240,0,0,0,0,1,0,0,0,0
MATH,250,0,0,0,0,1,0,0,0,0
MATH,281,0,0,0,0,1,0,0,0,0
MATH,285,0,0,0,0,0,1,0,0,0
MATH,290,0,0,0,0,1,0,0,0,0
MATH,291,0,0,0,0,1,0,0,0,0
MATH,300,0,0,0,0,1,0,0,0,0
MATH,308,0,0,0,0,1,0,0,0,0
MATH,310,0,0,0,0,1,0,0,0,0
MATH,311,0,0,0,0,1,0,0,0,0
MATH,314,0,0,0,0,1,0,0,0,0
MATH,320,0,0,0,0,1,0,0,0,0
MATH,321,0,0,0,0,1,0,0,0,0
MATH,325,0,0,0,0,1,0,0,0,0
MATH,327,0,0,0,0,1,0,0,0,0
MATH,331,0,0,0,0,1,0,0,0,0
MATH,336,0,0,0,0,1,0,0,0,0
MATH,340,0,0,0,0,1,0,0,0,0
MATH,342,0,0,0,0,1,0,0,0,0
MATH,344,0,0,0,0,1,0,0,0,0
MATH,351,0,0,0,0,1,0,0,0,0
MATH,353,0,0,0,0,1,0,0,0,0
MATH,354,0,0,0,0,1,0,0,0,0
MATH,360,0,0,0,0,1,0,0,0,0
MATH,366,0,0,0,0,1,0,0,0,0
MATH,368,0,0,0,0,1,0,0,0,0
PERF_ST,316,0,0,0,1,0,0,0,0,0
PERF_ST,328,0,0,0,1,0,0,0,0,0
PHIL,150,0,0,0,0,1,0,0,0,0
PHIL,151,0,0,0,0,0,0,0,0,1
PHIL,210,0,0,0,0,0,0,0,0,1
PHIL,219,0,0,0,0,0,0,0,0,1
PHIL,220,0,0,0,0,0,0,0,0,1
PHIL,230,0,0,0,0,0,0,0,0,1
PHIL,240,0,0,0,0,0,0,0,0,1
PHIL,241,0,0,0,0,0,0,0,0,1
PHIL,250,0,0,0,0,1,0,0,0,0
PHIL,254,0,0,0,0,0,0,0,0,1
PHIL,259,0,0,0,0,0,0,0,0,1
PHIL,260,0,0,0,0,0,0,0,0,1
PHIL,261,0,0,0,0,0,0,0,0,1
PHIL,262,0,0,0,0,0,0,0,0,1
PHIL,269,0,0,0,0,0,0,0,0,1
PHIL,273,0,0,0,0,0,0,0,0,1
PHIL,310,0,0,0,0,0,0,0,0,1
PHIL,313,0,0,0,0,0,0,0,0,1
PHIL,315,0,0,0,0,0,0,0,0,1
PHIL,325,0,0,0,0,0,0,0,0,1
PHIL,327,0,0,0,0,0,0,0,0,1
PHIL,328,0,0,0,0,0,0,0,0,1
PHIL,330,0,0,0,0,0,0,0,0,1
PHIL,351,0,0,0,0,1,0,0,0,0
PHIL,353,0,0,0,0,0,0,0,0,1
PHIL,362,0,0,0,0,0,0,0,0,1
PHIL,370,0,0,0,0,0,0,0,0,1
PHIL,373,0,0,0,0,0,0,0,0,1
PHYSICS,103,0,0,0,0,1,0,0,0,0
PHYSICS,105,0,0,0,0,1,0,0,0,0
PHYSICS,125,0,0,0,0,1,0,0,0,0
PHYSICS,130,0,0,0,0,1,0,0,0,0
PHYSICS,135,0,0,0,0,1,0,0,0,0
PHYSICS,330,0,0,0,0,1,0,0,0,0
PHYSICS,332,0,0,0,0,1,0,0,0,0
PHYSICS,333,0,0,0,0,1,0,0,0,0
PHYSICS,337,0,0,0,0,1,0,0,0,0
PHYSICS,339,0,0,0,0,1,0,0,0,0
PHYSICS,352,0,0,0,0,1,0,0,0,0
PHYSICS,357,0,0,0,0,1,0,0,0,0
PHYSICS,358,0,0,0,0,1,0,0,0,0
PHYSICS,359,0,0,0,0,1,0,0,0,0
PHYSICS,361,0,0,0,0,1,0,0,0,0
PHYSICS,371,0,0,0,0,1,0,0,0,0
POLI_SCI,201,0,0,1,0,0,0,0,0,1
POLI_SCI,220,0,0,0,0,0,0,1,0,0
POLI_SCI,221,0,0,0,0,0,0,1,0,0
POLI_SCI,230,0,0,0,0,0,0,1,0,0
POLI_SCI,240,0,0,0,0,0,0,0,1,0
POLI_SCI,250,0,0,0,0,0,0,0,1,0
POLI_SCI,301,0,0,1,0,0,0,0,0,0
POLI_SCI,302,0,0,1,0,0,0,0,0,0
POLI_SCI,310,0,0,0,0,1,0,0,0,0
POLI_SCI,311,0,0,0,0,1,0,0,0,0
POLI_SCI,312,0,0,0,0,1,0,0,0,0
POLI_SCI,315,0,0,0,0,1,0,0,0,0
POLI_SCI,320,0,0,0,0,0,0,1,0,0
POLI_SCI,321,0,0,0,0,0,0,1,0,0
POLI_SCI,323,0,0,0,0,0,0,1,0,0
POLI_SCI,324,0,0,0,0,0,0,1,0,0
POLI_SCI,325,0,0,0,0,0,0,1,0,0
POLI_SCI,327,0,0,0,0,0,0,1,0,0
POLI_SCI,328,0,0,0,0,0,0,1,0,0
POLI_SCI,329,0,0,0,0,0,0,1,0,0
POLI_SCI,330,0,0,0,0,0,0,1,0,0
POLI_SCI,331,0,0,0,0,0,0,1,0,0
POLI_SCI,333,0,0,0,0,0,0,1,0,0
POLI_SCI,340,0,0,0,0,0,0,0,1,0
POLI_SCI,341,0,0,0,0,0,0,0,1,0
POLI_SCI,342,0,0,0,0,0,0,0,1,0
POLI_SCI,342,0,0,0,0,0,0,0,1,0
POLI_SCI,343,0,0,0,0,0,0,0,1,0
POLI_SCI,344,0,0,0,0,0,0,1,1,0
POLI_SCI,345,0,0,0,0,0,0,0,1,0
POLI_SCI,346,0,0,0,0,0,0,0,1,0
POLI_SCI,347,0,0,0,0,0,0,0,1,0
POLI_SCI,348,0,1,0,0,0,0,0,1,0
POLI_SCI,349,0,0,0,0,0,0,0,1,0
POLI_SCI,351,0,0,0,0,0,0,0,1,0
POLI_SCI,352,0,0,0,0,0,0,0,1,0
POLI_SCI,353,0,0,0,0,0,0,0,1,0
POLI_SCI,354,0,0,0,0,0,0,0,1,0
POLI_SCI,355,0,0,0,0,0,0,0,1,0
POLI_SCI,356,0,0,0,0,0,0,0,1,0
POLI_SCI,357,0,0,0,0,0,0,0,1,0
POLI_SCI,358,0,0,0,0,0,0,0,1,0
POLI_SCI,359,0,0,0,0,0,0,0,1,0
POLI_SCI,360,0,0,0,0,0,0,0,1,0
POLI_SCI,361,0,0,0,0,0,0,0,1,0
POLI_SCI,362,0,0,0,0,0,0,0,1,0
POLI_SCI,368,0,0,0,0,0,0,0,1,0
POLI_SCI,370,0,0,0,0,0,0,0,1,0
POLI_SCI,372,0,0,0,0,0,0,0,1,0
POLI_SCI,374,0,0,0,0,0,0,0,1,0
POLI_SCI,375,0,0,0,0,0,0,0,1,0
POLI_SCI,376,0,0,0,0,0,0,0,1,0
POLI_SCI,377,0,0,0,0,0,0,0,1,0
PSYCH,201,0,0,0,0,0,1,0,0,0
PSYCH,212,0,0,0,0,0,1,0,0,0
PSYCH,337,0,0,0,0,0,1,0,0,0
RTVF,180,1,0,0,0,0,0,0,0,0
RTVF,230,0,0,0,1,0,0,0,0,0
RTVF,220,1,0,0,0,0,0,0,0,0
RELIGION,220,0,0,0,1,0,0,0,0,0
RELIGION,221,0,0,0,1,0,0,0,0,0
RELIGION,264,0,0,0,1,0,0,0,0,0
RELIGION,310,0,0,1,0,0,0,0,0,0
RELIGION,331,0,0,0,1,0,0,0,0,0
RELIGION,320,0,0,0,1,0,0,0,0,0
SESP,210,0,0,0,0,0,1,0,0,0
SLAVIC,210,0,0,0,1,0,0,0,0,0
SLAVIC,211,0,0,0,1,0,0,0,0,0
SLAVIC,255,0,0,1,0,0,0,0,0,0
SLAVIC,261,0,0,1,0,0,0,0,0,0
SLAVIC,267,0,0,0,1,0,0,0,0,0
SLAVIC,310,0,0,0,1,0,0,0,0,0
SLAVIC,311,0,0,0,1,0,0,0,0,0
SLAVIC,313,0,0,0,1,0,0,0,0,0
SLAVIC,314,0,0,0,1,0,0,0,0,0
SLAVIC,318,0,0,0,1,0,0,0,0,0
SLAVIC,319,0,0,0,1,0,0,0,0,0
SLAVIC,350,0,0,0,1,0,0,0,0,0
SLAVIC,359,0,0,0,1,0,0,0,0,0
SLAVIC,360,0,0,0,1,0,0,0,0,0
SLAVIC,361,0,0,0,1,0,0,0,0,0
SLAVIC,369,0,0,0,1,0,0,0,0,0
SLAVIC,375,0,0,0,1,0,0,0,0,0
SLAVIC,377,0,0,0,1,0,0,0,0,0
SLAVIC,378,1,0,0,0,0,0,0,0,0
SLAVIC,390,0,0,0,1,0,0,0,0,0
SLAVIC,391,0,0,1,0,0,0,0,0,0
SLAVIC,392,0,0,0,1,0,0,0,0,0
SOCIOL,215,0,1,0,1,0,0,0,0,0
SOCIOL,260,0,0,0,1,0,1,0,0,0
SOCIOL,303,0,0,0,1,0,1,0,0,0
SOCIOL,314,0,0,0,1,0,0,0,0,1
SOCIOL,329,0,0,0,1,0,1,0,0,0
SPANISH,210,0,0,0,1,0,0,0,0,0
SPANISH,211,0,0,0,1,0,0,0,0,0
SPANISH,220,0,0,0,1,0,0,0,0,0
SPANISH,223,0,0,0,1,0,0,0,0,0
SPANISH,230,0,0,0,1,0,0,0,0,0
SPANISH,231,0,0,0,1,0,0,0,0,0
SPANISH,250,0,0,0,1,0,0,0,0,0
SPANISH,251,0,0,0,1,0,0,0,0,0
SPANISH,261,0,0,0,1,0,0,0,0,0
SPANISH,310,0,0,0,1,0,0,0,0,0
SPANISH,320,0,0,0,1,0,0,0,0,0
SPANISH,321,0,0,0,1,0,0,0,0,0
SPANISH,323,0,0,0,1,0,0,0,0,0
SPANISH,330,0,0,0,1,0,0,0,0,0
SPANISH,331,0,0,0,1,0,0,0,0,0
SPANISH,332,0,0,0,1,0,0,0,0,0
SPANISH,333,0,0,0,1,0,0,0,0,0
SPANISH,334,0,0,0,1,0,0,0,0,0
SPANISH,335,0,0,0,1,0,0,0,0,0
SPANISH,340,0,0,0,1,0,0,0,0,0
SPANISH,341,0,0,0,1,0,0,0,0,0
SPANISH,342,0,0,0,1,0,0,0,0,0
SPANISH,343,0,0,0,1,0,0,0,0,0
SPANISH,344,0,0,0,1,0,0,0,0,0
SPANISH,345,0,0,0,1,0,0,0,0,0
SPANISH,346,0,0,0,1,0,0,0,0,0
SPANISH,347,0,0,0,1,0,0,0,0,0
SPANISH,395,0,0,0,1,0,0,0,0,0
SPANISH,397,0,0,0,1,0,0,0,0,0
STAT,201,0,0,0,0,0,1,0,0,0
STAT,202,0,0,0,0,0,1,0,0,0
STAT,210,0,0,0,0,0,1,0,0,0
STAT,232,0,0,0,0,0,1,0,0,0
STAT,320,0,0,0,0,0,1,0,0,0
STAT,325,0,0,0,0,0,1,0,0,0
STAT,328,0,0,0,0,0,1,0,0,0
STAT,338,0,0,0,0,0,1,0,0,0
STAT,342,0,0,0,0,0,1,0,0,0
STAT,344,0,0,0,0,0,1,0,0,0
STAT,345,0,0,0,0,0,1,0,0,0
STAT,348,0,0,0,0,0,1,0,0,0
STAT,350,0,0,0,0,0,1,0,0,0
STAT,351,0,0,0,0,0,1,0,0,0
STAT,352,0,0,0,0,0,1,0,0,0
STAT,354,0,0,0,0,0,1,0,0,0
STAT,355,0,0,0,0,0,1,0,0,0
STAT,365,0,0,0,0,0,1,0,0,0
STAT,370,0,0,0,0,0,1,0,0,0
THEATRE,140,0,0,0,1,0,0,0,0,0
THEATRE,365,0,0,0,1,0,0,0,0,0
